,Train,Test
Accuracy,1.0,0.7014925373134329
Precision,1.0,0.6958007732619329
Recall,1.0,0.7014925373134329
F1,1.0,0.6943377484422261
