,Train,Test
Accuracy,0.8619402985074627,0.5970149253731343
Precision,0.8859292922845939,0.689778380823157
Recall,0.8619402985074627,0.5970149253731343
F1,0.8643788212965352,0.6160598863602201
