,Train,Test
Accuracy,1.0,0.9104477611940298
Precision,1.0,0.9157244082617216
Recall,1.0,0.9104477611940298
F1,1.0,0.9106952832548219
