,Train,Test
Accuracy,0.8333333333333334,0.4626865671641791
Precision,0.8390904943787173,0.5153547737502961
Recall,0.8333333333333334,0.4626865671641791
F1,0.8330045257074085,0.48052203212870465
