,Train,Test
Accuracy,0.9938271604938271,0.8656716417910447
Precision,0.9939759036144579,0.8696892773981755
Recall,0.9938271604938271,0.8656716417910447
F1,0.9938262195121951,0.8632942487200608
