,Train,Test
Accuracy,0.4845679012345679,0.3880597014925373
Precision,0.5254985289310232,0.4889062357455026
Recall,0.4845679012345679,0.3880597014925373
F1,0.45991806476785013,0.36270118988107986
