,Train,Test
Accuracy,0.7716049382716049,0.373134328358209
Precision,0.7765152375538221,0.41386638237384504
Recall,0.7716049382716049,0.373134328358209
F1,0.769655827408992,0.37922499304718643
