,Train,Test
Accuracy,1.0,0.9104477611940298
Precision,1.0,0.9116759560593024
Recall,1.0,0.9104477611940298
F1,1.0,0.9100148943432524
