,Train,Test
Accuracy,0.5373134328358209,0.40298507462686567
Precision,0.7403807976706853,0.4992072604012903
Recall,0.5373134328358209,0.40298507462686567
F1,0.5690408133512569,0.4251469923111714
